state,district,rows,total_test_preds,correct_preds,anomaly_density
Andhra Pradesh,ALLURI SITHARAMA RAJU,486,37056566764.913025,37056566768.136955,-8.700018483409622e-11
Andhra Pradesh,ANAKAPALLE,486,1131556927.1702619,1131556923.8487773,2.9353225405870376e-09
Andhra Pradesh,ANANTAPUR,486,-68997050147.08492,-68997050131.92787,
Andhra Pradesh,ANANTHAPURAMU,486,2006967708.9048073,2006967705.0475671,1.9219243974077926e-09
Andhra Pradesh,ANNAMAYYA,486,14.078081433230565,10.04556274702136,0.2864395056481672
Andhra Pradesh,BAPATLA,486,3210941707.9843607,3210941706.5624948,4.42819003687589e-10
Andhra Pradesh,CHITTOOR,486,9956368157.091301,9956368158.090755,-1.0038347930674263e-10
Andhra Pradesh,CUDDAPAH,486,6808791237.817165,6808791233.8554535,5.818524551060023e-10
Andhra Pradesh,EAST GODAVARI,486,4979272727.230994,4979272728.861455,-3.274496229721535e-10
Andhra Pradesh,ELURU,486,2022348753.4924815,2022348749.5702283,1.939454374877414e-09
Andhra Pradesh,GUNTUR,486,174122324.62922737,174122320.70905975,2.251387143381578e-08
Andhra Pradesh,KONA SEEMA,486,-373380993.8043162,-373380995.12702185,
Andhra Pradesh,KRISHNA,486,-966857268.5190172,-966857271.5618786,
Andhra Pradesh,KURNOOL,486,1476333614.3324971,1476333610.8766272,2.3408461835572325e-09
Andhra Pradesh,Kadapa,486,4086878.555169276,4086874.66387961,9.521422311697947e-07
Andhra Pradesh,NANDYAL,486,-1137240126.9089565,-1137239974.8265488,
Andhra Pradesh,NELLORE,486,-774983388.6630695,-774983391.654334,
Andhra Pradesh,PRAKASAM,486,-106369111.74902934,-106369115.60995269,
Andhra Pradesh,Palnadu,486,-101894359389.4052,-101894359331.5365,
Andhra Pradesh,Parvathipuram,486,-10237372135.974855,-10237372137.949837,
Andhra Pradesh,SRI SATHYA SAI,486,-3863535991.887921,-3863535994.9797626,
Andhra Pradesh,Sri Potti Sriramulu Nellore,486,-1192904786.6583009,-1192904790.258316,
Andhra Pradesh,Tirupathi,486,-902546295.0631113,-902546278.968085,
Andhra Pradesh,VISAKHAPATNAM,486,1711873864.4853075,1711873860.4480956,2.3583582864361574e-09
Andhra Pradesh,VIZIANAGARAM,486,4031928595.6935716,4031928593.0511723,6.553685372168161e-10
Andhra Pradesh,WEST GODAVARI,486,-14447250742.829308,-14447250744.14982,
Andhra Pradesh,Y.s.r.,486,-123504757.7537982,-123504761.60334028,
Arunachal Pradesh,Namsai,486,354053142.45271564,354053138.8519131,1.0170231878880998e-08
Assam,BARPETA,486,-149029431.4799583,-149029434.56930506,
Assam,BONGAIGAON,486,42563087067.73586,42563087070.94552,-7.540945645700958e-11
Assam,Baksa,486,-445714737.1993778,-445714741.0983255,
Assam,DARRANG,486,6273061847.548495,6273061870.947144,-3.730020292636027e-09
Assam,DHEMAJI,486,2383931156.102249,2383931155.566881,2.2457358195282495e-10
Assam,DHUBRI,486,259310856.71670043,259310852.78913566,1.514616398967661e-08
Assam,GOALPARA,486,12636653175.571346,12636653193.278929,-1.4012873084112698e-09
Assam,HAILAKANDI,486,5651892067.8385315,5651892071.922975,-7.226683695904512e-10
Assam,JORHAT,486,1505232202.4404833,1505232198.596594,2.553685263251282e-09
Assam,KAMRUP,486,-620738261.6062036,-620738265.1137398,
Assam,KARBI ANGLONG,486,-438613383.8247402,-438613387.312034,
Assam,Kamrup Metropolitan,486,4481975602.905626,4481975602.827079,1.7525203510615484e-11
Assam,LAKHIMPUR,486,1158787270.4630866,1158787273.3467982,-2.48856002471598e-09
Assam,MARIGAON,486,4589932874.220306,4589932904.606335,-6.620146653091297e-09
Assam,NAGAON,486,4026711803.828883,4026711825.5038557,-5.382797096942227e-09
Assam,SIVSAGAR,486,3012510944.364171,3012510945.817386,-4.823932364672601e-10
Assam,SONITPUR,486,-372991934.8572377,-372991938.39180076,
Assam,Udalguri,486,6312850210.220248,6312850218.334391,-1.2853373920762579e-09
Bihar,AURANGABAD,486,-14240171.452912822,-14240175.305402553,
Bihar,BEGUSARAI,486,427747256.0558433,427747252.1113191,9.221623575861315e-09
Bihar,BHAGALPUR,486,-431810999.3835203,-431811002.3032829,
Bihar,JAMUI,486,1824513859.2482307,1824513857.4620974,9.78963909936681e-10
Bihar,KAIMUR,486,752937113.3115777,752937109.4162157,5.173555583937173e-09
Bihar,KATIHAR,486,41425535.80355901,41425532.19288177,8.716066479674822e-08
Bihar,KHAGARIA,486,598758034.086418,598758030.178107,6.527362983455021e-09
Bihar,PATNA,486,1102700364.0700092,1102700361.927441,1.9430195230540903e-09
Bihar,ROHTAS,486,-2078257568.1010892,-2078257571.4970238,
Chandigarh,CHANDIGARH,469,790615667.1124055,790615663.032389,5.160556093564139e-09
Chhattisgarh,BALOD,486,1225865365.2039661,1225865362.547591,2.166938739556201e-09
Chhattisgarh,BALODABAZAR,486,1272788282.660718,1272788280.0008314,2.0898107688793743e-09
Chhattisgarh,BALRAMPUR,486,-1214027921.285797,-1214027923.9650426,
Chhattisgarh,BASTAR,486,40623193846.85238,40623193867.97619,-5.19993825776055e-10
Chhattisgarh,BEMETARA,486,53718133552.23681,53718133549.80282,4.531042208100189e-11
Chhattisgarh,BILASPUR,486,2331392912.639243,2331392908.9141684,1.5977893452756575e-09
Chhattisgarh,DHAMTARI,486,803045231.6416851,803045227.7694772,4.821905097429635e-09
Chhattisgarh,DURG,486,3175968578.323229,3175968574.107049,1.3275256449674089e-09
Chhattisgarh,GARIABAND,486,258574636.25909927,258574632.40981486,1.488655065884359e-08
Chhattisgarh,JANJGIR - CHAMPA,486,1149624944.0110874,1149624942.8222659,1.034095142848912e-09
Chhattisgarh,JASHPUR,486,394992198.44368875,394992194.82658803,9.157397840020565e-09
Chhattisgarh,KANKER,486,-154525522.43241915,-154525526.36262414,
Chhattisgarh,KAWARDHA,486,3764884572.5169735,3764884568.7359414,1.0042889853068004e-09
Chhattisgarh,KORBA,486,5405968068.3148985,5405968073.687917,-9.939049583351789e-10
Chhattisgarh,KORIYA,486,9732832182.169285,9732832181.605782,5.789713153347975e-11
Chhattisgarh,MAHASAMUND,486,-127534288707.60513,-127534288695.23788,
Chhattisgarh,MUNGELI,486,27346671110.604923,27346671105.05759,2.0285217949833623e-10
Chhattisgarh,RAIGARH,486,26291586196.978004,26291586191.697807,2.0083223972733322e-10
Chhattisgarh,RAIPUR,486,-2857269510.8532786,-2857269513.462267,
Chhattisgarh,RAJNANDGAON,486,2544475445.9530454,2544475441.8371077,1.6175977224364146e-09
Chhattisgarh,SUKMA,486,6375328322.650975,6375328319.111696,5.551524795421869e-10
Chhattisgarh,SURAJPUR,486,6357573762.301323,6357573763.630634,-2.0909096676291483e-10
Chhattisgarh,SURGUJA,486,4154454473.333374,4154454469.0468507,1.0317896537159754e-09
Delhi,CENTRAL,315,257.82674092188137,261.42076620630917,-0.013939691715363134
Delhi,EAST,333,-55573.09617958748,14.302052268687284,
Delhi,NEW DELHI,430,-283160915027.6374,-283160914993.61414,
Delhi,NORTH,412,-7643.538298111322,-7566.3417101606365,
Delhi,NORTH EAST,328,-56.93176931974492,-53.589362538296726,
Delhi,NORTH WEST,486,4.946162767557761,1.280024655128138,0.7412085458400374
Delhi,Nazul Land,486,-11.341314389027453,0.12097888803437568,
Delhi,SOUTH,276,-77034389578.79305,-77034389550.86415,
Delhi,SOUTH WEST,426,-51011398526.2711,-51011398514.84893,
Delhi,Shahdara,486,3.6262110335199034,0.9187002985086952,0.7466500735846783
Delhi,South East Delhi,295,69.2205538695447,68.1169020455275,0.015943990076952907
Delhi,WEST,395,26.566346669586213,23.830250417511937,0.10299106181606166
Goa,NORTH GOA,486,2975315189.792878,2975315187.66304,7.15836057096908e-10
Goa,SOUTH GOA,486,2847444115.813249,2847444120.9656076,-1.8094679088420662e-09
Gujarat,Ahmedabad,474,1.5133203717437018,0.5640022751292981,0.6273080798618771
Gujarat,Amreli,486,4428791995.225696,4428791994.463973,1.7199330848427508e-10
Gujarat,Anand,486,480643323.3626656,480643319.57330054,7.88394405315529e-09
Gujarat,Banaskantha,486,-89494682007.99986,-89494682000.08952,
Gujarat,Bharuch,486,133047401.93729998,133047399.00751664,2.202059790068489e-08
Gujarat,Bhavnagar,486,-15856257617.02492,-15856257556.153955,
Gujarat,Chhota Udaipur,486,4395847199.0494375,4395847195.628198,7.782890998342396e-10
Gujarat,DIU,486,18586657119.31338,18586657113.784145,2.9748414842600823e-10
Gujarat,Dang,486,5160335298.650173,5160335302.371865,-7.212113128929332e-10
Gujarat,Devbhumi Dwarka,384,-1030650423.1432806,-1030650420.7133883,
Gujarat,Dohad,486,150562723.29688886,150562719.59552786,2.4583515223497443e-08
Gujarat,Gandhinagar,486,-104987228627.66321,-104987228606.52007,
Gujarat,Gir Somnath,373,-9900129606.319418,-9900129607.985832,
Gujarat,Jamnagar,486,-5121125374.81228,-5121125376.31846,
Gujarat,Junagadh,486,-797999110.1765469,-797999113.7120415,
Gujarat,Kachchh,486,-4298420516.628972,-4298420517.846992,
Gujarat,Kheda,486,314387808.8961133,314387804.9634386,1.250899239746417e-08
Gujarat,Mahesana,486,12701872063.781336,12701872058.61481,4.067530756657334e-10
Gujarat,Morbi,384,-286262711.1439394,-286262697.56057304,
Gujarat,Narmada,486,7294000965.181172,7294000961.232648,5.413386405805909e-10
Gujarat,Navsari,486,12874561040.926565,12874561036.822712,3.1875679873394347e-10
Gujarat,Panchmahals,486,388986820.07678586,388986816.10248804,1.0217050094851743e-08
Gujarat,Patan,486,7325726917.265561,7325740374.614283,-1.8369984131627604e-06
Gujarat,Porbandar,486,-514193319.3479489,-514193323.1240423,
Gujarat,Rajkot,486,306875309.62499213,306875306.05361253,1.1637885100057588e-08
Gujarat,Sabarkantha,486,-5982796656.115324,-5982796658.69683,
Gujarat,Surat,486,-5356003671.364648,-5356003668.327584,
Gujarat,Surendranagar,486,-735751408.5418274,-735751408.1893779,
Gujarat,TAPI,486,-5102989.604280877,-5102993.476174141,
Gujarat,Vadodara,486,4617093639.663774,4617093636.015636,7.901371779084343e-10
Gujarat,Valsad,486,76784182515.51535,76784182505.84822,1.2589995712630753e-10
Haryana,AMBALA,368,-50687540946.56599,-50687540939.71919,
Haryana,Charkhi Dadri,146,-377209869.01430255,-377209864.3517915,
Haryana,FATEHABAD,367,46514933.15045485,46514929.75401728,7.301821891569915e-08
Haryana,GURUGRAM,146,38828448.79372039,38828446.81815814,5.0879247148749585e-08
Haryana,HISAR,297,-472674324.84335065,-472674325.1516372,
Haryana,JHAJJAR,369,-648362676.4706173,-648362678.9946169,
Haryana,JIND,361,-2741491415.5154915,-2741491415.4221864,
Haryana,KAITHAL,369,15356377.178140812,15356373.252407774,2.5564187389193194e-07
Haryana,KURUKSHETRA,486,-7.397095918917316,-1.6148713120141946,
Haryana,PANIPAT,368,37456114.51034119,37456110.76306308,1.0004449624290146e-07
Haryana,Palwal,304,-946668650.8672243,-946668652.4148563,
Haryana,REWARI,320,681449538.8377105,681449529.1194066,1.4261223091338593e-08
Haryana,SIRSA,352,1994964972.4344683,1994965160.8253055,-9.443315529544805e-08
Haryana,SONIPAT,363,-847675612.5363008,-847675616.246313,
Haryana,YAMUNANAGAR,369,-2929680058.4731474,-2929680050.904739,
Himachal Pradesh,BILASPUR,486,44.774423535678324,45.06690951879665,-0.006532434368144546
Himachal Pradesh,HAMIRPUR,486,-1.4402768795923091e+23,0.0,
Himachal Pradesh,KANGRA,486,9.339680618709124,17.50202807530642,-0.8739428883945548
Himachal Pradesh,KULLU,258,14.384998486634517,11.419997417837672,0.20611757947362352
Himachal Pradesh,SIRMAUR,486,6.994300597302509,3.2946871828970536,0.5289468708039635
Himachal Pradesh,UNA,486,8.344408197932099,4.645105984483983,0.443327091112929
Jammu & Kashmir,Ganderbal,367,224989654.65302157,224989650.62386698,1.790817716340598e-08
Jammu & Kashmir,JAMMU,486,-44.09346367067669,0.33596509018282195,
Jammu & Kashmir,KATHUA,481,-1.9755724330028355,7.28794634435511,
Jammu & Kashmir,PUNCH,486,5.152171670152834,1.435939675854143,0.7212942875772719
Jammu & Kashmir,RAJAURI,486,5359240655.074888,5359240913.157599,-4.815658183332516e-08
Jammu & Kashmir,Reasi,486,7.857089339040337,4.524007831320073,0.42421326319389485
Jammu & Kashmir,SAMBA,486,2.7308541363610304,0.5334584774873444,0.8046550819450948
Jammu & Kashmir,SRINAGAR,369,-1071067303.5353168,-1071067304.0724975,
Jammu & Kashmir,UDHAMPUR,486,-105.2070201006462,-103.78742789045202,
Jharkhand,BOKARO,486,12501268545.698511,12501268547.889725,-1.7527934659256061e-10
Jharkhand,CHATRA,486,-1217482266.7923257,-1217482267.6881304,
Jharkhand,DEOGHAR,486,7639325773.426888,7639325779.996075,-8.599170264744771e-10
Jharkhand,EAST  SINGHBHUM (Jamshedpur),486,11176883475.431746,11176883471.229246,3.7599923174980177e-10
Jharkhand,GUMLA,486,-77428617297.0498,-77428617292.12114,
Jharkhand,PALAMAU,486,-11509434622.732056,-11509434624.944134,
Jharkhand,RAMGARH,486,-38958169939.62454,-38958169936.45229,
Jharkhand,RANCHI,486,3580630477.279345,3580630479.1089573,-5.109748180132101e-10
Jharkhand,WEST SINGHBHUM (Chaibasa),486,2363028461.9516587,2363028459.469682,1.0503371505876657e-09
Karnataka,Bagalkote,486,-7034137807.734101,-7034137810.771758,
Karnataka,Ballari,486,-4824115.028857249,-4824118.678093757,
Karnataka,Bangalore Rural,486,1969947257.2398925,1969947253.9054832,1.6926388068938536e-09
Karnataka,Bangalore Urban,486,1245356034.6743224,1245356030.6185927,3.256682812313727e-09
Karnataka,Belgaum,486,13119115212.524736,13119115207.525675,3.810517457125684e-10
Karnataka,Bidar,486,8618835236.964394,8618835234.389948,2.9869995366027524e-10
Karnataka,Bijapur,486,-11670103254.05805,-11670103255.719847,
Karnataka,Chamarajanagara,486,13779044200.95697,13779044203.554178,-1.8848966831797043e-10
Karnataka,Chikkamagaluru,486,-1096890097.9653814,-1096890101.0682967,
Karnataka,Chitradurga,486,4902782387.904029,4902782390.95185,-6.216513970258575e-10
Karnataka,Dakshin Kannada,486,24859834873.98361,24859834878.184563,-1.6898571431056553e-10
Karnataka,Davanagere,486,0.2881984770164876,0.0,1.0
Karnataka,Dharwad,486,-303008511.65895724,-303008513.42086184,
Karnataka,Gadag,486,1686858040.0520248,1686858036.3747578,2.179950553404808e-09
Karnataka,Hassan,486,5397012142.725817,5397012139.826077,5.372859934738017e-10
Karnataka,Haveri,486,-26.855320419355724,-16.798723228883976,
Karnataka,Kodagu,486,678564452.2375879,678564449.2563465,4.393453600926023e-09
Karnataka,Kolar,486,614830479.9380825,614830475.9486414,6.4886845896339196e-09
Karnataka,Koppal,486,142482638.81539905,142482636.59396118,1.5590937207932143e-08
Karnataka,Mandya,486,53881475753.77873,53881475753.38188,7.365219545363288e-12
Karnataka,Mysore,486,10961004794.695778,10961004809.778915,-1.376072589209798e-09
Karnataka,Raichur,486,-327.72755260664024,-312.62721073527405,
Karnataka,Shivamogga,486,-227081681.17008448,-227081684.89851317,
Karnataka,Tumkur,486,13052865458.701439,13052865454.010181,3.5940439513382216e-10
Karnataka,Udupi,486,7415447637.363128,7415447638.61807,-1.6923351608966186e-10
Karnataka,Uttara Kannada,486,5228844969.796864,5228844965.290859,8.617589974946327e-10
Karnataka,Yadgir,486,441228653.38909465,441228649.5626619,8.672221829542082e-09
Kerala,Alappuzha,486,1535263111.2200549,1535263109.0318482,1.4252975466533258e-09
Kerala,ERNAKULAM,486,-883154164.6630732,-883154144.9527617,
Kerala,IDUKKI,486,2496219024.7180705,2496219020.9728746,1.5003474018726592e-09
Kerala,KANNUR,486,14635346097.958916,14635346103.74806,-3.9555914099764777e-10
Kerala,KASARAGOD,486,2548841396.645539,2548841402.1687913,-2.1669659400203045e-09
Kerala,KOTTAYAM,486,-22622783733.945744,-22622783731.898987,
Kerala,KOZHIKODE,486,286440482.89891887,286440479.054272,1.3422149058861521e-08
Kerala,Kollam,486,23504325115.307247,23504325209.646454,-4.01369559810405e-09
Kerala,MALAPPURAM,486,3453742810.943264,3453742809.218565,4.993709890044329e-10
Kerala,PALAKKAD,486,3575457567.974363,3575457564.7022357,9.151631674697569e-10
Kerala,PATHANAMTHITTA,486,-50873094.17049278,-50873098.104269885,
Kerala,THIRUVANANTHAPURAM,486,2106208992.6454096,2106208988.5994358,1.9209744905879234e-09
Kerala,THRISSUR,486,5688559065.279181,5688559064.951334,5.7632565386711576e-11
Kerala,WAYANAD,486,4409556970.939805,4409556978.2652235,-1.6612595743481506e-09
Madhya Pradesh,AGAR MALWA,486,204402249.07339504,204402245.62564892,1.686745687567992e-08
Madhya Pradesh,ALIRAJPUR,486,1229596215.7240486,1229596211.793445,3.1966620461787443e-09
Madhya Pradesh,ANUPPUR,486,1263355021.771559,1263355017.9555655,3.0205234979874263e-09
Madhya Pradesh,ASHOK NAGAR,486,11067199188.346905,11067199186.556692,1.6175838446486068e-10
Madhya Pradesh,BALAGHAT,486,780830997.7406769,780830993.8740135,4.951984933221354e-09
Madhya Pradesh,BARWANI,486,9798871077.55944,9798871074.96153,2.6512336770423417e-10
Madhya Pradesh,BETUL,486,2720735998.6146717,2720735994.481723,1.5190554369937104e-09
Madhya Pradesh,BHIND,486,3829797066.3614383,3829797073.5573664,-1.878931898957603e-09
Madhya Pradesh,BHOPAL,486,1542371358.9879642,1542371355.0060034,2.5817133986194563e-09
Madhya Pradesh,CHHATARPUR,486,9181936015.768873,9181936011.244678,4.927277474919833e-10
Madhya Pradesh,CHHINDWARA,486,497446045.3902808,497446045.9542824,-1.133794613750183e-09
Madhya Pradesh,DAMOH,486,2962399971.097424,2962399976.7486925,-1.907665581057927e-09
Madhya Pradesh,DATIA,486,2020367056.5460305,2020367053.7450347,1.386379677725813e-09
Madhya Pradesh,DEWAS,486,42500848642.99016,42500848638.8789,9.673362111328743e-11
Madhya Pradesh,DHAR,486,-2728429447.788138,-2728429450.9764347,
Madhya Pradesh,DINDORI,486,-38819896.36736855,-38819900.23715109,
Madhya Pradesh,GUNA,486,2207881949.1685247,2207881944.982922,1.8957547753828408e-09
Madhya Pradesh,GWALIOR,486,3240858139.642775,3240858135.3945813,1.310823671829553e-09
Madhya Pradesh,HARDA,486,4382116433.57573,4382116432.054101,3.472361287393255e-10
Madhya Pradesh,INDORE,486,47113870772.47673,47113870774.2115,-3.682076865629824e-11
Madhya Pradesh,JABALPUR,486,1294213700.264144,1294213696.7658427,2.7030321314569505e-09
Madhya Pradesh,JHABUA,486,12437743496.785704,12437743496.842836,-4.593436742084123e-12
Madhya Pradesh,KATNI,486,1198572538.651211,1198572537.9701543,5.682232462334014e-10
Madhya Pradesh,Khandwa,486,2802070723.178289,2802070720.111634,1.094424662007043e-09
Madhya Pradesh,Khargone,486,3584067478.861668,3584067484.666876,-1.6197261309969235e-09
Madhya Pradesh,MANDLA,486,946395226.3757079,946395222.3407565,4.263495001488593e-09
Madhya Pradesh,MANDSAUR,486,4901880203.096475,4901880198.6258335,9.120257882244687e-10
Madhya Pradesh,NARSIMHAPUR,486,1163325424.076658,1163325420.4026582,3.1581874893049644e-09
Madhya Pradesh,NEEMUCH,486,4161101192.423504,4161101188.716331,8.90911455719845e-10
Madhya Pradesh,PANNA,486,18624394048.898983,18624394044.309162,2.4644131180195927e-10
Madhya Pradesh,RAJGARH,486,4903506556.345391,4903506553.284061,6.243143779727234e-10
Madhya Pradesh,RATLAM,486,60280446624.396835,60280446620.97307,5.679734460528607e-11
Madhya Pradesh,REWA,486,13427512597.167778,13427512592.844341,3.2198343991041156e-10
Madhya Pradesh,SAGAR,486,10231492319.524353,10231492322.748667,-3.151361394060359e-10
Madhya Pradesh,SATNA,486,-1946427832.7798254,-1946427836.3889365,
Madhya Pradesh,SEHORE,486,55248723457.18254,55248723449.993,1.3013046196164169e-10
Madhya Pradesh,SEONI,486,1080472676.728113,1080472672.67369,3.752452903960091e-09
Madhya Pradesh,SHAHDOL,486,1471248840.3515742,1471248837.099214,2.210611804720486e-09
Madhya Pradesh,SHAJAPUR,486,12494444658.308823,12494444727.417698,-5.531168190131552e-09
Madhya Pradesh,SHEOPUR,486,-17458829849.857395,-17458829851.728207,
Madhya Pradesh,SHIVPURI,486,1891842057.733745,1891842053.702321,2.1309517483913964e-09
Madhya Pradesh,SIDHI,486,891765077.3997982,891765073.4366459,4.444166257222548e-09
Madhya Pradesh,SINGRAULI,486,1673061789.8287122,1673061785.7898743,2.414039856901695e-09
Madhya Pradesh,TIKAMGARH,486,61513437277.91453,61513437272.884995,8.176315180463689e-11
Madhya Pradesh,UJJAIN,486,4914875771.048701,4914875766.783187,8.678783247617616e-10
Madhya Pradesh,VIDISHA,486,469257569.782301,469257566.0005372,8.059036327168201e-09
Maharashtra,Ahmadnagar,486,879387381.6216692,879387377.8940415,4.2388914600621774e-09
Maharashtra,Akola,486,2850976463.5021195,2850976460.1403704,1.17915710529104e-09
Maharashtra,Amravati,486,2012154523.5564916,2012154520.9814413,1.27974786323648e-09
Maharashtra,Aurangabad,486,549822060.0618188,549822057.1927817,5.218119381034114e-09
Maharashtra,Beed,486,12378880620.029146,12378880628.061342,-6.488629633594201e-10
Maharashtra,Bhandara,486,6803297568.112862,6803297564.850776,4.794860064549766e-10
Maharashtra,Buldana,486,5429578587.212527,5429578586.115615,2.020252853895954e-10
Maharashtra,Chandrapur,486,-297033273.84194404,-297033277.0899183,
Maharashtra,Dhule,486,5014765890.718062,5014765886.262832,8.884224467209378e-10
Maharashtra,Gadchiroli,486,5025418976.258555,5025418972.15335,8.168882237313824e-10
Maharashtra,Gondia,486,-2750235268.7056594,-2750235270.0778613,
Maharashtra,Jalgaon,486,4126453858.5154076,4126453856.527577,4.81728545942417e-10
Maharashtra,Jalna,486,-1380722757.9286568,-1380722760.9918385,
Maharashtra,Kolhapur,486,16664663475.418154,16664663486.009449,-6.355540538294235e-10
Maharashtra,Latur,486,22375228987.3595,22375228981.59145,2.577873470244185e-10
Maharashtra,Nagpur,486,1230923676.7996023,1230923673.0367498,3.0569340392361255e-09
Maharashtra,Nanded,486,5936027617.790571,5936027613.455124,7.303616600395912e-10
Maharashtra,Nandurbar,486,38397330293.40452,38397330286.39122,1.8265067236455934e-10
Maharashtra,Nashik,486,18175563026.58725,18175563022.17202,2.4292123868008275e-10
Maharashtra,Parbhani,486,374927699.1214786,374927699.1290702,-2.0248247523113605e-11
Maharashtra,Pune,486,-3.744696139644782,0.06878824277316091,
Maharashtra,Raigad,486,4629915342.2546215,4629915348.840286,-1.4224157407483062e-09
Maharashtra,Ratnagiri,485,-6226442326.700282,-6226439260.230333,
Maharashtra,Sindudurg,486,4506307205.875853,4506307203.785756,4.6381576357390486e-10
Maharashtra,Solapur,486,14590976391.14856,14590976477.01743,-5.885066656219351e-09
Maharashtra,Thane,486,50352173252.629875,50352173255.78784,-6.271760888409972e-11
Maharashtra,Wardha,486,5533033289.576233,5533033289.3131075,4.755540405909642e-11
Maharashtra,Washim,486,2623029262.071098,2623029260.429629,6.257913076623822e-10
Maharashtra,Yavatmal,486,3121206348.429982,3121206349.8449936,-4.5335402099055955e-10
Meghalaya,East Jaintia Hills,486,5946908864.171346,5946908871.630932,-1.2543637240014505e-09
Meghalaya,East Khasi Hills,486,-336281923.6255594,-336281927.0106161,
Meghalaya,North Garo Hills,486,3380878279.4004507,3380878287.9422646,-2.526507447697668e-09
Meghalaya,RI BHOI,486,2490732836.768815,2490732832.6670513,1.6468100216826542e-09
Meghalaya,west Garo Hills,486,247096012.4184842,247096011.3670522,4.255155783283726e-09
Nagaland,DIMAPUR,486,1548247121.5843122,1548247121.6075447,-1.500555235622869e-11
Odisha,ANUGUL,486,-431988306.0760459,-431988308.50349474,
Odisha,BALANGIR,486,-376462770.65978646,-376462774.5700992,
Odisha,BARGARH,486,6402740642.171538,6402740655.604424,-2.0979900039463928e-09
Odisha,Baleshwar,486,1059714566.8770678,1059714562.8912681,3.7612011283272295e-09
Odisha,CUTTACK,486,1726367650.8224525,1726367648.319918,1.449595443681062e-09
Odisha,DHENKANAL,486,687756588.8845505,687756585.228533,5.315859530341527e-09
Odisha,GAJAPATI,486,11168713370.39622,11168713368.69196,1.5259227215125293e-10
Odisha,GANJAM,486,9804998741.557446,9804998751.019714,-9.650453769438627e-10
Odisha,JAJAPUR,486,22446876195.94595,22446876286.78118,-4.046675883273565e-09
Odisha,JHARSUGUDA,486,5725870165.401132,5725870184.240135,-3.290155481394663e-09
Odisha,KALAHANDI,486,1874154750.6288657,1874154746.5443063,2.1794142046616116e-09
Odisha,KANDHAMAL,486,-57375006226.36584,-57375006199.442375,
Odisha,KENDRAPARA,486,17395144382.057064,17395144397.58154,-8.924603278614995e-10
Odisha,KENDUJHAR,486,5199735541.038998,5199735546.621182,-1.0735516919879728e-09
Odisha,KHORDHA,486,6883460089.2004385,6883460088.053043,1.6668866287261608e-10
Odisha,KORAPUT,486,51622901967.86258,51622901964.2939,6.912981298512477e-11
Odisha,MALKANGIRI,486,20694016252.600662,20694016250.221237,1.1498135776832896e-10
Odisha,NAYAGARH,486,14246389453.609745,14246389453.951557,-2.3992807740569333e-11
Odisha,NUAPADA,486,2947397546.8778605,2947397543.8824563,1.0162878316677393e-09
Odisha,Nabarangapur,486,19859824398.907116,19859824395.04637,1.9439971854495752e-10
Odisha,PURI,486,-2583404090.799279,-2583404093.0358815,
Odisha,RAYAGADA,486,-2739945031.6921268,-2739945034.3046417,
Puducherry,Karaikal,486,-14168219193.17241,-14168219193.912676,
Puducherry,Puducherry,486,5150084420.133424,5150084415.628867,8.74656902460913e-10
Punjab,AMRITSAR,373,-15588637091.510084,-15588637092.814995,
Punjab,BARNALA,365,559826488.5289037,559826484.7919405,6.675216934759476e-09
Punjab,BATHINDA,368,-1292147985.0408494,-1292147981.4913888,
Punjab,FARIDKOT,359,635242708.5086181,635242704.501964,6.307280808748317e-09
Punjab,FATEHGARH SAHIB,342,-2187432676.2374873,-2187432679.254808,
Punjab,FAZILKA,369,-990054091.4328631,-990054093.252119,
Punjab,FEROZEPUR,368,-71816893.28600341,-71816896.59535868,
Punjab,GURDASPUR,252,-1675263040.9440312,-1675263036.2338703,
Punjab,HOSHIARPUR,371,3025742015.8166604,3025742014.9223237,2.95576008113585e-10
Punjab,JALANDHAR,193,1816814173.7925813,1816814171.2803495,1.3827676781374976e-09
Punjab,KAPURTHALA,369,-2212345835.067977,-2212345838.1851325,
Punjab,LUDHIANA,276,215096785004.24033,215096785659.3128,-3.0454778698896234e-09
Punjab,MANSA,486,-2232056008729599.2,1.0587911840678754e-22,
Punjab,MOGA,486,-7.680231761367876e+28,14.22184237289137,
Punjab,MUKATSAR,486,14.179287805385227,17.34410995664205,-0.22320036060307902
Punjab,PATIALA,486,5.696752419961081,1.729961885340661,0.6963248956933819
Punjab,ROPAR,232,401221203.9007791,401221216.42472386,-3.121456337851214e-08
Punjab,SANGRUR,367,-99114466.52498129,-99114470.32997042,
Punjab,SAS NAGAR,442,5.521989645535496,6.196153087602541,-0.12208705291798272
Punjab,SBS NAGAR,373,-15316175167.046265,-15316175166.943233,
Punjab,TARN TARAN,486,-8.470329472543003e-22,-8.470329472543003e-22,
Rajasthan,AJMER,486,463.2759076844328,494.6560180931554,-0.06773525212128595
Rajasthan,ALWAR,486,-16174649307.69982,-16174649310.044842,
Rajasthan,BANSWARA,476,-2005312524.2262003,-2005312526.9131052,
Rajasthan,BARMER,374,5356838228.397221,5356839627.263374,-2.6113653128767567e-07
Rajasthan,BHARATPUR,486,1232353065.9936447,1232353062.2034283,3.075593002499488e-09
Rajasthan,BHILWARA,486,-1351869404.2244287,-1351869405.7482638,
Rajasthan,BIKANER,486,11825138636.159153,11825138643.113026,-5.880584907913544e-10
Rajasthan,BUNDI,388,1681318957.0550358,1681318953.101366,2.3515287495001758e-09
Rajasthan,CHITTORGARH,486,-151247440.29365653,-151247443.66686732,
Rajasthan,CHURU,486,-221432579879.25024,-221432579855.82913,
Rajasthan,DAUSA,486,-6115266861.686419,-6115266858.577859,
Rajasthan,DHOLPUR,486,-190940496.1946295,-190940499.8864733,
Rajasthan,DUNGARPUR,486,-538133537.6613473,-538133533.7696723,
Rajasthan,GANGANAGAR,486,-5064255872.537306,-5064255875.739267,
Rajasthan,HANUMANGARH,486,-487628761.7959355,-487628765.1999049,
Rajasthan,JAIPUR,482,-3759936661.120743,-3759936664.440207,
Rajasthan,JAISALMER,486,-8498828514.49927,-8498828510.254605,
Rajasthan,JALORE,486,-2980634324.3049474,-2980634321.5115886,
Rajasthan,JHALAWAR,485,3811519160.2781224,3811519160.85806,-1.5215384507882845e-10
Rajasthan,JHUNJHUNU,433,10015847109.758713,10015847105.115961,4.635405392861003e-10
Rajasthan,JODHPUR,486,10737787857.133068,10737787856.668148,4.329758773735648e-11
Rajasthan,KARAULI,414,-45546733147.639,-45546733145.268486,
Rajasthan,KOTA,101,-464399541.32398707,-464399534.49900836,
Rajasthan,NAGAUR,465,18629508031.672096,18629508059.618557,-1.5001180297957717e-09
Rajasthan,PALI,460,4599469171.773716,4599469169.838535,4.207399983968685e-10
Rajasthan,RAJSAMAND,486,13291591822.49774,13291591820.633465,1.4025969274911176e-10
Rajasthan,SAWAI MADHOPUR,422,1154813398.8828638,1154813397.1360528,1.5126347951976982e-09
Rajasthan,SIKAR,486,1788417114.9599357,1788417114.9835064,-1.3179679569930158e-11
Rajasthan,SIROHI,486,1522301353.9056199,1522301350.2145545,2.424661360578284e-09
Tamil Nadu,Ariyalur,486,2535820688.831454,2535820686.2699714,1.0101196545875268e-09
Tamil Nadu,Chengalpattu,486,10542200573.357927,10542200569.447098,3.709690332698301e-10
Tamil Nadu,Chennai,486,655126858.7543311,655126855.133706,5.526601620786664e-09
Tamil Nadu,Coimbatore,486,86474115019.84007,86474115011.51547,9.626699437603747e-11
Tamil Nadu,Cuddalore,486,2214324341.2820897,2214324337.0640545,1.904885915671173e-09
Tamil Nadu,Dharmapuri,486,25282784533.953365,25282784528.876244,2.008133659359146e-10
Tamil Nadu,Dindigul,486,-19034530604.72349,-19034530604.356087,
Tamil Nadu,Erode,486,-337711587.58224374,-337711591.45280653,
Tamil Nadu,Kancheepuram,486,-1288038306.0073357,-1288038309.1278982,
Tamil Nadu,Kanyakumari,449,-9223778627.1436,-9223778628.442905,
Tamil Nadu,Karur,486,31666633018.794914,31666633020.154892,-4.294675726157493e-11
Tamil Nadu,Krishnagiri,486,-441171516.00443166,-441171519.61110145,
Tamil Nadu,Madurai,486,2571782192.6934,2571782188.6116495,1.5871290948155092e-09
Tamil Nadu,Nagapattinam,486,182454251.58608153,182454247.73755464,2.109310615061588e-08
Tamil Nadu,Namakkal,486,10048039218.301285,10048039216.750557,1.5433143651932824e-10
Tamil Nadu,Nilgiris,486,14546680371.928686,14546680416.751064,-3.081278787675501e-09
Tamil Nadu,Perambalur,486,0.008796472046414316,0.0,1.0
Tamil Nadu,Pudukkottai,486,-594520439.1737635,-594520443.0614467,
Tamil Nadu,Ramanathapuram,486,759774175.0869632,759774171.2756143,5.016423387793623e-09
Tamil Nadu,Ranipet,486,665722839.7157562,665722835.7957288,5.888377452301086e-09
Tamil Nadu,Salem,486,-100781213918.17006,-100781213895.99411,
Tamil Nadu,Sivaganga,486,-17458999302.950123,-17458999285.04968,
Tamil Nadu,Tenkasi,486,-419058437.1326515,-419058441.0011608,
Tamil Nadu,Thanjavur,486,-1482768569.9798267,-1482768573.7988317,
Tamil Nadu,Theni,486,6496297945.180177,6496297941.482831,5.691466187229821e-10
Tamil Nadu,Thiruvannamalai,486,163960222.6212105,163960218.8041702,2.328028247955416e-08
Tamil Nadu,Thoothukudi,486,-5663917998.985467,-5663917990.226137,
Tamil Nadu,Tiruchirappalli,486,-2710001688.218531,-2710001687.223232,
Tamil Nadu,Tirunelveli,486,-448164139.0971581,-448164142.8026062,
Tamil Nadu,Tirupathur,486,1465344155.0451584,1465344151.6322749,2.3290661621544473e-09
Tamil Nadu,Tiruppur,486,193361437.95123467,193361434.9075223,1.5741051573314735e-08
Tamil Nadu,Tiruvallur,486,-36669242206.20798,-36669241963.356606,
Tamil Nadu,Tiruvannamalai,486,1237517677.793548,1237517673.7192566,3.292309758151646e-09
Tamil Nadu,Tiruvarur,486,-12985190364.245419,-12985190365.029554,
Tamil Nadu,Tuticorin,486,-8261836712.726448,-8261836706.458785,
Tamil Nadu,Vellore,486,91505999150.13844,91505999143.57341,7.174427718581455e-11
Tamil Nadu,Viluppuram,486,3263869207.9821477,3263869204.233973,1.1483838324721773e-09
Tamil Nadu,Virudhunagar,486,-6552290937.042432,-6552290925.34156,
Telangana,ADILABAD,486,8360905347.107218,8360905344.322974,3.3300739943342705e-10
Telangana,BHADRADRI,486,2284763474.7855062,2284763470.97104,1.669523519431948e-09
Telangana,BHUPALPALLY,486,497275276.41640013,497275272.95490515,6.960923171206446e-09
Telangana,HANAMKONDA,486,6472870584.620007,6472870584.27056,5.3986259906935175e-11
Telangana,HYDERABAD,486,6324444420.736151,6324444421.902038,-1.8434609394546442e-10
Telangana,JAGITYAL,486,-2162929.8684446365,-2162933.6263131546,
Telangana,JANGAON,486,2154705701.326907,2154705697.9728193,1.5566338218420128e-09
Telangana,JAYASHANKAR BHUPALAPALLY,486,2938448583.1646566,2938448580.719474,8.321339173278375e-10
Telangana,JOGULAMBA(GADWAL),486,7785948070.982327,7785948068.651527,2.9935987022611243e-10
Telangana,KAMAREDDY,486,6444832598.711352,6444832594.812512,6.049559742038468e-10
Telangana,KARIMNAGAR,486,5235138533.402372,5235138529.434285,7.579717964389943e-10
Telangana,KHAMMAM,486,-54667089.65461685,-54667093.57337982,
Telangana,KUMURAM BHEEM,486,25353241611.827614,25353241607.85145,1.5683054854775946e-10
Telangana,MAHABUBABAD,486,1523923458.491463,1523923454.6430156,2.5253547031311996e-09
Telangana,MAHBUBNAGAR,486,134943218.41500044,134943214.90519732,2.6009481346456198e-08
Telangana,MANCHERIAL,486,-10515568183.178436,-10515568184.54328,
Telangana,MEDAK,486,43231109438.94283,43231109441.17432,-5.16175990838974e-11
Telangana,MEDCHAL,486,-1042393920.8886639,-1042393922.6008934,
Telangana,MULUGU,486,617324735.0009719,617324731.5216625,5.636108912909776e-09
Telangana,NAGARKURNOOL,486,2645769966.5605264,2645769962.535885,1.521160752915307e-09
Telangana,NALGONDA,486,-26219298415.509087,-26219298414.53192,
Telangana,NARAYANPET,486,-1.0561343188233527e+22,4.805745294595846e+19,
Telangana,NIRMAL,486,26786154221.528393,26786154228.78551,-2.709279467438819e-10
Telangana,NIZAMABAD,486,10688033914.37288,10688033911.854769,2.3560109418951924e-10
Telangana,PEDDAPALLY,486,-76088037607.79642,-76088037596.69812,
Telangana,RAJANNA SIRCILLA,486,783155044.8102602,783155040.9270221,4.958453758696635e-09
Telangana,RANGA REDDY,486,5046865114.3661375,5046865110.016717,8.618064040177842e-10
Telangana,SANGA REDDY,486,2061430255.2069952,2061430251.7378643,1.6828757276599049e-09
Telangana,SIDDIPET,486,2357491561.518895,2357491557.6335335,1.6480914410976766e-09
Telangana,SURYAPET,486,1094413136.3270428,1094413132.9252467,3.1083290386035856e-09
Telangana,VIKARABAD,486,-9242611392.495935,-9242611389.793444,
Telangana,WANAPARTHY,486,1104694280.650043,1104694276.8045056,3.4810875293445065e-09
Telangana,WARANGAL RURAL,486,3332072076.5830946,3332072072.519983,1.2193949183725294e-09
Telangana,YADADRI,486,40473420157.433464,40473420151.16657,1.5483969662000163e-10
Tripura,NORTH TRIPURA,486,3128178509.515334,3128178510.602289,-3.474722731766633e-10
Tripura,SOUTH TRIPURA,486,1636042632.8200548,1636042644.1574996,-6.9297978466664745e-09
Tripura,WEST TRIPURA,486,2377232541.8649836,2377232538.3762918,1.4675433090971524e-09
Uttar Pradesh,AGRA,486,-7183101394.05006,-7183101392.826666,
Uttar Pradesh,ALIGARH,486,204579935.7010025,204579931.80205205,1.9058322808795936e-08
Uttar Pradesh,AMBEDKAR NAGAR,486,207908477.40760344,207908473.66282994,1.8011644176141317e-08
Uttar Pradesh,AZAMGARH,486,-3103270205.892621,-3103270207.736414,
Uttar Pradesh,BAGHPAT,486,-16231288273.902561,-16231288268.635983,
Uttar Pradesh,BAHRAICH,486,595179130.6824396,595179127.1265547,5.9744783564852355e-09
Uttar Pradesh,BALLIA,150,-214242958.4124526,-214242701.29133752,
Uttar Pradesh,BALRAMPUR,486,16254077153.773722,16254077150.590752,1.95825911042391e-10
Uttar Pradesh,BANDA,486,252872617.0800804,252872613.3367998,1.4803028580701039e-08
Uttar Pradesh,BARABANKI,486,82515420.98765239,82515417.05195133,4.769655181924293e-08
Uttar Pradesh,BIJNOR,486,-1902573879.555393,-1902573878.4278224,
Uttar Pradesh,BUDAUN,486,-1128349794.9780326,-1128349795.9956155,
Uttar Pradesh,Buland Shahar,486,-5918542.025813639,-5918545.946012029,
Uttar Pradesh,CHANDAULI,486,-7006473163.289274,-7006473164.516862,
Uttar Pradesh,FATEHPUR,486,-1654993112.030114,-1654993115.4822855,
Uttar Pradesh,G.B. Nagar,486,3567110189.086503,3567110186.846929,6.278398911874206e-10
Uttar Pradesh,GHAZIABAD,486,-221727847.7263581,-221727851.6090677,
Uttar Pradesh,GHAZIPUR,486,-5022696901.78675,-5022696904.455768,
Uttar Pradesh,GORAKHPUR,486,90964330.95806882,90964327.05395429,4.2919180431866266e-08
Uttar Pradesh,HATHRAS,486,484095560.23234516,484095556.38652,7.944351176902842e-09
Uttar Pradesh,Hapur,486,-8259436910.231482,-8259436911.216663,
Uttar Pradesh,JAUNPUR,486,-381776149.96141684,-381776152.5879875,
Uttar Pradesh,JYOTIBA PHULE NAGAR,486,102794411.88711333,102794408.05097002,3.7318597767566075e-08
Uttar Pradesh,LUCKNOW,486,1530130503.6322682,1530130501.7425506,1.2350042100095493e-09
Uttar Pradesh,MAU,486,2982210679.347194,2982210676.1943474,1.057217979827385e-09
Uttar Pradesh,MEERUT,486,-1479612577.9632504,-1479612580.4288416,
Uttar Pradesh,MORADABAD,486,2680318231.6253614,2680318234.3876786,-1.030592944317732e-09
Uttar Pradesh,MUZAFFARNAGAR,486,2022887183.7781782,2022887180.0481093,1.8439332283293197e-09
Uttar Pradesh,PRATAPGARH,486,-349103613.3480272,-349103616.3703803,
Uttar Pradesh,RAMPUR,486,-394181021.5385634,-394181025.049156,
Uttar Pradesh,Raibareli,486,3761029.545513707,3761025.6110827727,1.0461047664778178e-06
Uttar Pradesh,SAHARANPUR,486,8822746568.564383,8822746566.772543,2.0309320891698235e-10
Uttar Pradesh,SHAMLI,486,-1390602901.8917396,-1390602904.0002458,
Uttar Pradesh,SHRAWASTI,486,-253990067.0803288,-253990070.68852317,
Uttar Pradesh,SIDDHARTHNAGAR,486,-12952747799.742016,-12952747794.367996,
Uttar Pradesh,Sambhal,486,-1579389012.0565035,-1579389010.3494577,
Uttar Pradesh,VARANASI,486,-16747272115.500578,-16747272115.186846,
Uttarakhand,Dehradun,469,-5.208136487948345,-2.857351598230598,
Uttarakhand,Haridwar,320,3398915849.0105314,3398915847.4830656,4.4939796328691273e-10
Uttarakhand,Nainital,486,7.708917138762365,5.161662793659016,0.3304295920233876
Uttarakhand,UDHAM SINGH NAGAR,347,3.9260949506367258,1.2437981538330378,0.6831971285790424
West Bengal,BANKURA,486,-231316202.8206935,-231316206.5763601,
West Bengal,BARDDHAMAN,486,542971748.2854998,542971744.4268796,7.1064841788981425e-09
West Bengal,BIRBHUM,486,3873219924.2013545,3873220095.211705,-4.415198562313094e-08
West Bengal,DAKSHIN DINAJPUR,486,44456300.34083772,44456296.42280796,8.813215957026443e-08
West Bengal,East Medinipur,486,6144185386.93397,6144185385.750119,1.9267831774527622e-10
West Bengal,HUGLI,486,467620314.81920135,467620310.9408183,8.293872033604544e-09
West Bengal,JHARGRAM,486,12975383366.756166,12975383365.050606,1.3144585420121757e-10
West Bengal,KOLKATA,486,7380521998.484134,7380521997.892879,8.011025176557496e-11
West Bengal,MALDAH,486,2328998597.623073,2328998594.567583,1.3119330066757584e-09
West Bengal,MURSHIDABAD,486,-1161327353.903571,-1161327357.1068776,
West Bengal,NADIA,486,822507460.5759563,822507456.6580658,4.763349603642553e-09
West Bengal,NORTH 24 PARGANAS,486,1919936776.306373,1919936773.2085834,1.6134851232862957e-09
West Bengal,PASCHIM BARDHAMAN,486,29736257357.69903,29736257376.17021,-6.211668956979111e-10
West Bengal,PURBA BARDHAMAN,486,1853829967.560761,1853829963.5798683,2.1473882672040645e-09
West Bengal,PURULIYA,486,7629620669.598913,7629620679.450264,-1.2911980373786491e-09
West Bengal,SOUTH 24 PARGANAS,486,64090373.11633843,64090369.18411059,6.135442265353674e-08
West Bengal,West Medinipur,486,-7561758585.863462,-7561758588.398937,
Andhra Pradesh,ALLURI SITHARAMA RAJU,486,98.0,98.0,0.0
Andhra Pradesh,ANAKAPALLE,486,98.0,94.0,0.04081632653061229
Andhra Pradesh,ANANTAPUR,486,98.0,98.0,0.0
Andhra Pradesh,ANANTHAPURAMU,486,98.0,95.0,0.030612244897959218
Andhra Pradesh,ANNAMAYYA,486,98.0,97.0,0.010204081632653073
Andhra Pradesh,BAPATLA,486,98.0,98.0,0.0
Andhra Pradesh,CHITTOOR,486,98.0,98.0,0.0
Andhra Pradesh,CUDDAPAH,486,98.0,98.0,0.0
Andhra Pradesh,EAST GODAVARI,486,98.0,98.0,0.0
Andhra Pradesh,ELURU,486,98.0,98.0,0.0
Andhra Pradesh,GUNTUR,486,98.0,95.0,0.030612244897959218
Andhra Pradesh,KONA SEEMA,486,98.0,76.0,0.22448979591836737
Andhra Pradesh,KRISHNA,486,98.0,98.0,0.0
Andhra Pradesh,KURNOOL,486,98.0,97.0,0.010204081632653073
Andhra Pradesh,Kadapa,486,98.0,98.0,0.0
Andhra Pradesh,NANDYAL,486,98.0,39.0,0.6020408163265306
Andhra Pradesh,NELLORE,486,98.0,98.0,0.0
Andhra Pradesh,PRAKASAM,486,98.0,86.0,0.12244897959183676
Andhra Pradesh,Palnadu,486,98.0,98.0,0.0
Andhra Pradesh,Parvathipuram,486,98.0,87.0,0.11224489795918369
Andhra Pradesh,SRI SATHYA SAI,486,98.0,92.0,0.061224489795918324
Andhra Pradesh,Sri Potti Sriramulu Nellore,486,98.0,97.0,0.010204081632653073
Andhra Pradesh,Tirupathi,486,98.0,17.0,0.826530612244898
Andhra Pradesh,VISAKHAPATNAM,486,98.0,97.0,0.010204081632653073
Andhra Pradesh,VIZIANAGARAM,486,98.0,98.0,0.0
Andhra Pradesh,WEST GODAVARI,486,98.0,97.0,0.010204081632653073
Andhra Pradesh,Y.s.r.,486,98.0,97.0,0.010204081632653073
Arunachal Pradesh,Namsai,486,98.0,91.0,0.0714285714285714
Assam,BARPETA,486,98.0,98.0,0.0
Assam,BONGAIGAON,486,98.0,98.0,0.0
Assam,Baksa,486,98.0,95.0,0.030612244897959218
Assam,DARRANG,486,98.0,98.0,0.0
Assam,DHEMAJI,486,98.0,97.0,0.010204081632653073
Assam,DHUBRI,486,98.0,97.0,0.010204081632653073
Assam,GOALPARA,486,98.0,98.0,0.0
Assam,HAILAKANDI,486,98.0,98.0,0.0
Assam,JORHAT,486,98.0,97.0,0.010204081632653073
Assam,KAMRUP,486,98.0,80.0,0.18367346938775508
Assam,KARBI ANGLONG,486,98.0,98.0,0.0
Assam,Kamrup Metropolitan,486,98.0,90.0,0.08163265306122447
Assam,LAKHIMPUR,486,98.0,98.0,0.0
Assam,MARIGAON,486,98.0,98.0,0.0
Assam,NAGAON,486,98.0,98.0,0.0
Assam,SIVSAGAR,486,98.0,98.0,0.0
Assam,SONITPUR,486,98.0,98.0,0.0
Assam,Udalguri,486,98.0,98.0,0.0
Bihar,AURANGABAD,486,98.0,98.0,0.0
Bihar,BEGUSARAI,486,98.0,85.0,0.13265306122448983
Bihar,BHAGALPUR,486,98.0,94.0,0.04081632653061229
Bihar,JAMUI,486,98.0,92.0,0.061224489795918324
Bihar,KAIMUR,486,98.0,95.0,0.030612244897959218
Bihar,KATIHAR,486,98.0,95.0,0.030612244897959218
Bihar,KHAGARIA,486,98.0,98.0,0.0
Bihar,PATNA,486,98.0,98.0,0.0
Bihar,ROHTAS,486,98.0,98.0,0.0
Chandigarh,CHANDIGARH,469,94.0,70.0,0.25531914893617025
Chhattisgarh,BALOD,486,98.0,98.0,0.0
Chhattisgarh,BALODABAZAR,486,98.0,98.0,0.0
Chhattisgarh,BALRAMPUR,486,98.0,98.0,0.0
Chhattisgarh,BASTAR,486,98.0,98.0,0.0
Chhattisgarh,BEMETARA,486,98.0,98.0,0.0
Chhattisgarh,BILASPUR,486,98.0,98.0,0.0
Chhattisgarh,DHAMTARI,486,98.0,98.0,0.0
Chhattisgarh,DURG,486,98.0,95.0,0.030612244897959218
Chhattisgarh,GARIABAND,486,98.0,97.0,0.010204081632653073
Chhattisgarh,JANJGIR - CHAMPA,486,98.0,98.0,0.0
Chhattisgarh,JASHPUR,486,98.0,98.0,0.0
Chhattisgarh,KANKER,486,98.0,98.0,0.0
Chhattisgarh,KAWARDHA,486,98.0,94.0,0.04081632653061229
Chhattisgarh,KORBA,486,98.0,98.0,0.0
Chhattisgarh,KORIYA,486,98.0,94.0,0.04081632653061229
Chhattisgarh,MAHASAMUND,486,98.0,85.0,0.13265306122448983
Chhattisgarh,MUNGELI,486,98.0,97.0,0.010204081632653073
Chhattisgarh,RAIGARH,486,98.0,98.0,0.0
Chhattisgarh,RAIPUR,486,98.0,76.0,0.22448979591836737
Chhattisgarh,RAJNANDGAON,486,98.0,98.0,0.0
Chhattisgarh,SUKMA,486,98.0,79.0,0.19387755102040816
Chhattisgarh,SURAJPUR,486,98.0,98.0,0.0
Chhattisgarh,SURGUJA,486,98.0,98.0,0.0
Delhi,CENTRAL,315,63.0,63.0,0.0
Delhi,EAST,333,67.0,67.0,0.0
Delhi,NEW DELHI,430,86.0,81.0,0.05813953488372092
Delhi,NORTH,412,83.0,83.0,0.0
Delhi,NORTH EAST,328,66.0,25.0,0.6212121212121212
Delhi,NORTH WEST,486,98.0,98.0,0.0
Delhi,Nazul Land,486,98.0,98.0,0.0
Delhi,SOUTH,276,56.0,55.0,0.017857142857142905
Delhi,SOUTH WEST,426,86.0,86.0,0.0
Delhi,Shahdara,486,98.0,95.0,0.030612244897959218
Delhi,South East Delhi,295,59.0,57.0,0.03389830508474578
Delhi,WEST,395,79.0,77.0,0.025316455696202556
Goa,NORTH GOA,486,98.0,97.0,0.010204081632653073
Goa,SOUTH GOA,486,98.0,98.0,0.0
Gujarat,Ahmedabad,474,95.0,94.0,0.010526315789473717
Gujarat,Amreli,486,98.0,98.0,0.0
Gujarat,Anand,486,98.0,92.0,0.061224489795918324
Gujarat,Banaskantha,486,98.0,95.0,0.030612244897959218
Gujarat,Bharuch,486,98.0,86.0,0.12244897959183676
Gujarat,Bhavnagar,486,98.0,98.0,0.0
Gujarat,Chhota Udaipur,486,98.0,89.0,0.09183673469387754
Gujarat,DIU,486,98.0,97.0,0.010204081632653073
Gujarat,Dang,486,98.0,96.0,0.020408163265306145
Gujarat,Devbhumi Dwarka,384,77.0,77.0,0.0
Gujarat,Dohad,486,98.0,98.0,0.0
Gujarat,Gandhinagar,486,98.0,98.0,0.0
Gujarat,Gir Somnath,373,75.0,62.0,0.17333333333333334
Gujarat,Jamnagar,486,98.0,96.0,0.020408163265306145
Gujarat,Junagadh,486,98.0,86.0,0.12244897959183676
Gujarat,Kachchh,486,98.0,98.0,0.0
Gujarat,Kheda,486,98.0,91.0,0.0714285714285714
Gujarat,Mahesana,486,98.0,93.0,0.05102040816326525
Gujarat,Morbi,384,77.0,76.0,0.012987012987012991
Gujarat,Narmada,486,98.0,88.0,0.10204081632653061
Gujarat,Navsari,486,98.0,98.0,0.0
Gujarat,Panchmahals,486,98.0,93.0,0.05102040816326525
Gujarat,Patan,486,98.0,98.0,0.0
Gujarat,Porbandar,486,98.0,84.0,0.1428571428571429
Gujarat,Rajkot,486,98.0,98.0,0.0
Gujarat,Sabarkantha,486,98.0,91.0,0.0714285714285714
Gujarat,Surat,486,98.0,89.0,0.09183673469387754
Gujarat,Surendranagar,486,98.0,98.0,0.0
Gujarat,TAPI,486,98.0,87.0,0.11224489795918369
Gujarat,Vadodara,486,98.0,96.0,0.020408163265306145
Gujarat,Valsad,486,98.0,93.0,0.05102040816326525
Haryana,AMBALA,368,74.0,59.0,0.20270270270270274
Haryana,Charkhi Dadri,146,30.0,20.0,0.33333333333333337
Haryana,FATEHABAD,367,74.0,52.0,0.29729729729729726
Haryana,GURUGRAM,146,30.0,28.0,0.06666666666666665
Haryana,HISAR,297,60.0,60.0,0.0
Haryana,JHAJJAR,369,74.0,73.0,0.013513513513513487
Haryana,JIND,361,73.0,71.0,0.0273972602739726
Haryana,KAITHAL,369,74.0,70.0,0.05405405405405406
Haryana,KURUKSHETRA,486,98.0,98.0,0.0
Haryana,PANIPAT,368,74.0,71.0,0.04054054054054057
Haryana,Palwal,304,61.0,61.0,0.0
Haryana,REWARI,320,64.0,60.0,0.0625
Haryana,SIRSA,352,71.0,43.0,0.3943661971830986
Haryana,SONIPAT,363,73.0,73.0,0.0
Haryana,YAMUNANAGAR,369,74.0,74.0,0.0
Himachal Pradesh,BILASPUR,486,98.0,78.0,0.20408163265306123
Himachal Pradesh,HAMIRPUR,486,98.0,98.0,0.0
Himachal Pradesh,KANGRA,486,98.0,97.0,0.010204081632653073
Himachal Pradesh,KULLU,258,52.0,51.0,0.019230769230769273
Himachal Pradesh,SIRMAUR,486,98.0,96.0,0.020408163265306145
Himachal Pradesh,UNA,486,98.0,98.0,0.0
Jammu & Kashmir,Ganderbal,367,74.0,71.0,0.04054054054054057
Jammu & Kashmir,JAMMU,486,98.0,98.0,0.0
Jammu & Kashmir,KATHUA,481,97.0,70.0,0.27835051546391754
Jammu & Kashmir,PUNCH,486,98.0,95.0,0.030612244897959218
Jammu & Kashmir,RAJAURI,486,98.0,15.0,0.846938775510204
Jammu & Kashmir,Reasi,486,98.0,93.0,0.05102040816326525
Jammu & Kashmir,SAMBA,486,98.0,98.0,0.0
Jammu & Kashmir,SRINAGAR,369,74.0,74.0,0.0
Jammu & Kashmir,UDHAMPUR,486,98.0,98.0,0.0
Jharkhand,BOKARO,486,98.0,98.0,0.0
Jharkhand,CHATRA,486,98.0,98.0,0.0
Jharkhand,DEOGHAR,486,98.0,83.0,0.15306122448979587
Jharkhand,EAST  SINGHBHUM (Jamshedpur),486,98.0,98.0,0.0
Jharkhand,GUMLA,486,98.0,98.0,0.0
Jharkhand,PALAMAU,486,98.0,97.0,0.010204081632653073
Jharkhand,RAMGARH,486,98.0,98.0,0.0
Jharkhand,RANCHI,486,98.0,98.0,0.0
Jharkhand,WEST SINGHBHUM (Chaibasa),486,98.0,92.0,0.061224489795918324
Karnataka,Bagalkote,486,98.0,98.0,0.0
Karnataka,Ballari,486,98.0,86.0,0.12244897959183676
Karnataka,Bangalore Rural,486,98.0,94.0,0.04081632653061229
Karnataka,Bangalore Urban,486,98.0,29.0,0.7040816326530612
Karnataka,Belgaum,486,98.0,90.0,0.08163265306122447
Karnataka,Bidar,486,98.0,91.0,0.0714285714285714
Karnataka,Bijapur,486,98.0,86.0,0.12244897959183676
Karnataka,Chamarajanagara,486,98.0,98.0,0.0
Karnataka,Chikkamagaluru,486,98.0,98.0,0.0
Karnataka,Chitradurga,486,98.0,98.0,0.0
Karnataka,Dakshin Kannada,486,98.0,98.0,0.0
Karnataka,Davanagere,486,98.0,98.0,0.0
Karnataka,Dharwad,486,98.0,98.0,0.0
Karnataka,Gadag,486,98.0,96.0,0.020408163265306145
Karnataka,Hassan,486,98.0,95.0,0.030612244897959218
Karnataka,Haveri,486,98.0,86.0,0.12244897959183676
Karnataka,Kodagu,486,98.0,85.0,0.13265306122448983
Karnataka,Kolar,486,98.0,96.0,0.020408163265306145
Karnataka,Koppal,486,98.0,88.0,0.10204081632653061
Karnataka,Mandya,486,98.0,35.0,0.6428571428571428
Karnataka,Mysore,486,98.0,98.0,0.0
Karnataka,Raichur,486,98.0,98.0,0.0
Karnataka,Shivamogga,486,98.0,88.0,0.10204081632653061
Karnataka,Tumkur,486,98.0,92.0,0.061224489795918324
Karnataka,Udupi,486,98.0,98.0,0.0
Karnataka,Uttara Kannada,486,98.0,94.0,0.04081632653061229
Karnataka,Yadgir,486,98.0,98.0,0.0
Kerala,Alappuzha,486,98.0,89.0,0.09183673469387754
Kerala,ERNAKULAM,486,98.0,98.0,0.0
Kerala,IDUKKI,486,98.0,93.0,0.05102040816326525
Kerala,KANNUR,486,98.0,98.0,0.0
Kerala,KASARAGOD,486,98.0,98.0,0.0
Kerala,KOTTAYAM,486,98.0,38.0,0.6122448979591837
Kerala,KOZHIKODE,486,98.0,92.0,0.061224489795918324
Kerala,Kollam,486,98.0,98.0,0.0
Kerala,MALAPPURAM,486,98.0,98.0,0.0
Kerala,PALAKKAD,486,98.0,98.0,0.0
Kerala,PATHANAMTHITTA,486,98.0,97.0,0.010204081632653073
Kerala,THIRUVANANTHAPURAM,486,98.0,87.0,0.11224489795918369
Kerala,THRISSUR,486,98.0,98.0,0.0
Kerala,WAYANAD,486,98.0,98.0,0.0
Madhya Pradesh,AGAR MALWA,486,98.0,98.0,0.0
Madhya Pradesh,ALIRAJPUR,486,98.0,95.0,0.030612244897959218
Madhya Pradesh,ANUPPUR,486,98.0,85.0,0.13265306122448983
Madhya Pradesh,ASHOK NAGAR,486,98.0,98.0,0.0
Madhya Pradesh,BALAGHAT,486,98.0,98.0,0.0
Madhya Pradesh,BARWANI,486,98.0,87.0,0.11224489795918369
Madhya Pradesh,BETUL,486,98.0,97.0,0.010204081632653073
Madhya Pradesh,BHIND,486,98.0,94.0,0.04081632653061229
Madhya Pradesh,BHOPAL,486,98.0,98.0,0.0
Madhya Pradesh,CHHATARPUR,486,98.0,92.0,0.061224489795918324
Madhya Pradesh,CHHINDWARA,486,98.0,87.0,0.11224489795918369
Madhya Pradesh,DAMOH,486,98.0,98.0,0.0
Madhya Pradesh,DATIA,486,98.0,98.0,0.0
Madhya Pradesh,DEWAS,486,98.0,90.0,0.08163265306122447
Madhya Pradesh,DHAR,486,98.0,98.0,0.0
Madhya Pradesh,DINDORI,486,98.0,98.0,0.0
Madhya Pradesh,GUNA,486,98.0,98.0,0.0
Madhya Pradesh,GWALIOR,486,98.0,98.0,0.0
Madhya Pradesh,HARDA,486,98.0,97.0,0.010204081632653073
Madhya Pradesh,INDORE,486,98.0,98.0,0.0
Madhya Pradesh,JABALPUR,486,98.0,86.0,0.12244897959183676
Madhya Pradesh,JHABUA,486,98.0,98.0,0.0
Madhya Pradesh,KATNI,486,98.0,96.0,0.020408163265306145
Madhya Pradesh,Khandwa,486,98.0,93.0,0.05102040816326525
Madhya Pradesh,Khargone,486,98.0,98.0,0.0
Madhya Pradesh,MANDLA,486,98.0,98.0,0.0
Madhya Pradesh,MANDSAUR,486,98.0,97.0,0.010204081632653073
Madhya Pradesh,NARSIMHAPUR,486,98.0,98.0,0.0
Madhya Pradesh,NEEMUCH,486,98.0,98.0,0.0
Madhya Pradesh,PANNA,486,98.0,98.0,0.0
Madhya Pradesh,RAJGARH,486,98.0,98.0,0.0
Madhya Pradesh,RATLAM,486,98.0,98.0,0.0
Madhya Pradesh,REWA,486,98.0,95.0,0.030612244897959218
Madhya Pradesh,SAGAR,486,98.0,98.0,0.0
Madhya Pradesh,SATNA,486,98.0,98.0,0.0
Madhya Pradesh,SEHORE,486,98.0,98.0,0.0
Madhya Pradesh,SEONI,486,98.0,98.0,0.0
Madhya Pradesh,SHAHDOL,486,98.0,98.0,0.0
Madhya Pradesh,SHAJAPUR,486,98.0,98.0,0.0
Madhya Pradesh,SHEOPUR,486,98.0,81.0,0.173469387755102
Madhya Pradesh,SHIVPURI,486,98.0,98.0,0.0
Madhya Pradesh,SIDHI,486,98.0,87.0,0.11224489795918369
Madhya Pradesh,SINGRAULI,486,98.0,95.0,0.030612244897959218
Madhya Pradesh,TIKAMGARH,486,98.0,86.0,0.12244897959183676
Madhya Pradesh,UJJAIN,486,98.0,94.0,0.04081632653061229
Madhya Pradesh,VIDISHA,486,98.0,83.0,0.15306122448979587
Maharashtra,Ahmadnagar,486,98.0,88.0,0.10204081632653061
Maharashtra,Akola,486,98.0,98.0,0.0
Maharashtra,Amravati,486,98.0,98.0,0.0
Maharashtra,Aurangabad,486,98.0,98.0,0.0
Maharashtra,Beed,486,98.0,98.0,0.0
Maharashtra,Bhandara,486,98.0,98.0,0.0
Maharashtra,Buldana,486,98.0,98.0,0.0
Maharashtra,Chandrapur,486,98.0,98.0,0.0
Maharashtra,Dhule,486,98.0,97.0,0.010204081632653073
Maharashtra,Gadchiroli,486,98.0,92.0,0.061224489795918324
Maharashtra,Gondia,486,98.0,61.0,0.37755102040816324
Maharashtra,Jalgaon,486,98.0,98.0,0.0
Maharashtra,Jalna,486,98.0,96.0,0.020408163265306145
Maharashtra,Kolhapur,486,98.0,98.0,0.0
Maharashtra,Latur,486,98.0,95.0,0.030612244897959218
Maharashtra,Nagpur,486,98.0,98.0,0.0
Maharashtra,Nanded,486,98.0,95.0,0.030612244897959218
Maharashtra,Nandurbar,486,98.0,98.0,0.0
Maharashtra,Nashik,486,98.0,92.0,0.061224489795918324
Maharashtra,Parbhani,486,98.0,97.0,0.010204081632653073
Maharashtra,Pune,486,98.0,98.0,0.0
Maharashtra,Raigad,486,98.0,98.0,0.0
Maharashtra,Ratnagiri,485,97.0,97.0,0.0
Maharashtra,Sindudurg,486,98.0,98.0,0.0
Maharashtra,Solapur,486,98.0,98.0,0.0
Maharashtra,Thane,486,98.0,98.0,0.0
Maharashtra,Wardha,486,98.0,98.0,0.0
Maharashtra,Washim,486,98.0,98.0,0.0
Maharashtra,Yavatmal,486,98.0,98.0,0.0
Meghalaya,East Jaintia Hills,486,98.0,98.0,0.0
Meghalaya,East Khasi Hills,486,98.0,96.0,0.020408163265306145
Meghalaya,North Garo Hills,486,98.0,98.0,0.0
Meghalaya,RI BHOI,486,98.0,98.0,0.0
Meghalaya,west Garo Hills,486,98.0,93.0,0.05102040816326525
Nagaland,DIMAPUR,486,98.0,98.0,0.0
Odisha,ANUGUL,486,98.0,98.0,0.0
Odisha,BALANGIR,486,98.0,97.0,0.010204081632653073
Odisha,BARGARH,486,98.0,98.0,0.0
Odisha,Baleshwar,486,98.0,98.0,0.0
Odisha,CUTTACK,486,98.0,98.0,0.0
Odisha,DHENKANAL,486,98.0,98.0,0.0
Odisha,GAJAPATI,486,98.0,98.0,0.0
Odisha,GANJAM,486,98.0,98.0,0.0
Odisha,JAJAPUR,486,98.0,98.0,0.0
Odisha,JHARSUGUDA,486,98.0,98.0,0.0
Odisha,KALAHANDI,486,98.0,98.0,0.0
Odisha,KANDHAMAL,486,98.0,98.0,0.0
Odisha,KENDRAPARA,486,98.0,98.0,0.0
Odisha,KENDUJHAR,486,98.0,98.0,0.0
Odisha,KHORDHA,486,98.0,98.0,0.0
Odisha,KORAPUT,486,98.0,98.0,0.0
Odisha,MALKANGIRI,486,98.0,98.0,0.0
Odisha,NAYAGARH,486,98.0,98.0,0.0
Odisha,NUAPADA,486,98.0,92.0,0.061224489795918324
Odisha,Nabarangapur,486,98.0,94.0,0.04081632653061229
Odisha,PURI,486,98.0,93.0,0.05102040816326525
Odisha,RAYAGADA,486,98.0,84.0,0.1428571428571429
Puducherry,Karaikal,486,98.0,98.0,0.0
Puducherry,Puducherry,486,98.0,96.0,0.020408163265306145
Punjab,AMRITSAR,373,75.0,67.0,0.10666666666666669
Punjab,BARNALA,365,73.0,64.0,0.12328767123287676
Punjab,BATHINDA,368,74.0,74.0,0.0
Punjab,FARIDKOT,359,72.0,64.0,0.11111111111111116
Punjab,FATEHGARH SAHIB,342,69.0,65.0,0.05797101449275366
Punjab,FAZILKA,369,74.0,74.0,0.0
Punjab,FEROZEPUR,368,74.0,73.0,0.013513513513513487
Punjab,GURDASPUR,252,51.0,48.0,0.05882352941176472
Punjab,HOSHIARPUR,371,75.0,68.0,0.09333333333333338
Punjab,JALANDHAR,193,39.0,27.0,0.3076923076923077
Punjab,KAPURTHALA,369,74.0,71.0,0.04054054054054057
Punjab,LUDHIANA,276,56.0,54.0,0.0357142857142857
Punjab,MANSA,486,98.0,98.0,0.0
Punjab,MOGA,486,98.0,15.0,0.846938775510204
Punjab,MUKATSAR,486,98.0,94.0,0.04081632653061229
Punjab,PATIALA,486,98.0,97.0,0.010204081632653073
Punjab,ROPAR,232,47.0,22.0,0.5319148936170213
Punjab,SANGRUR,367,74.0,61.0,0.17567567567567566
Punjab,SAS NAGAR,442,89.0,83.0,0.0674157303370787
Punjab,SBS NAGAR,373,75.0,73.0,0.026666666666666616
Punjab,TARN TARAN,486,98.0,98.0,0.0
Rajasthan,AJMER,486,98.0,97.0,0.010204081632653073
Rajasthan,ALWAR,486,98.0,47.0,0.5204081632653061
Rajasthan,BANSWARA,476,96.0,73.0,0.23958333333333337
Rajasthan,BARMER,374,75.0,64.0,0.1466666666666666
Rajasthan,BHARATPUR,486,98.0,88.0,0.10204081632653061
Rajasthan,BHILWARA,486,98.0,98.0,0.0
Rajasthan,BIKANER,486,98.0,98.0,0.0
Rajasthan,BUNDI,388,78.0,67.0,0.14102564102564108
Rajasthan,CHITTORGARH,486,98.0,97.0,0.010204081632653073
Rajasthan,CHURU,486,98.0,97.0,0.010204081632653073
Rajasthan,DAUSA,486,98.0,98.0,0.0
Rajasthan,DHOLPUR,486,98.0,98.0,0.0
Rajasthan,DUNGARPUR,486,98.0,98.0,0.0
Rajasthan,GANGANAGAR,486,98.0,97.0,0.010204081632653073
Rajasthan,HANUMANGARH,486,98.0,89.0,0.09183673469387754
Rajasthan,JAIPUR,482,97.0,97.0,0.0
Rajasthan,JAISALMER,486,98.0,98.0,0.0
Rajasthan,JALORE,486,98.0,98.0,0.0
Rajasthan,JHALAWAR,485,97.0,97.0,0.0
Rajasthan,JHUNJHUNU,433,87.0,69.0,0.2068965517241379
Rajasthan,JODHPUR,486,98.0,98.0,0.0
Rajasthan,KARAULI,414,83.0,81.0,0.02409638554216864
Rajasthan,KOTA,101,21.0,20.0,0.04761904761904767
Rajasthan,NAGAUR,465,93.0,93.0,0.0
Rajasthan,PALI,460,92.0,86.0,0.06521739130434778
Rajasthan,RAJSAMAND,486,98.0,98.0,0.0
Rajasthan,SAWAI MADHOPUR,422,85.0,85.0,0.0
Rajasthan,SIKAR,486,98.0,98.0,0.0
Rajasthan,SIROHI,486,98.0,90.0,0.08163265306122447
Tamil Nadu,Ariyalur,486,98.0,94.0,0.04081632653061229
Tamil Nadu,Chengalpattu,486,98.0,94.0,0.04081632653061229
Tamil Nadu,Chennai,486,98.0,89.0,0.09183673469387754
Tamil Nadu,Coimbatore,486,98.0,71.0,0.2755102040816326
Tamil Nadu,Cuddalore,486,98.0,89.0,0.09183673469387754
Tamil Nadu,Dharmapuri,486,98.0,94.0,0.04081632653061229
Tamil Nadu,Dindigul,486,98.0,97.0,0.010204081632653073
Tamil Nadu,Erode,486,98.0,95.0,0.030612244897959218
Tamil Nadu,Kancheepuram,486,98.0,85.0,0.13265306122448983
Tamil Nadu,Kanyakumari,449,90.0,86.0,0.0444444444444444
Tamil Nadu,Karur,486,98.0,96.0,0.020408163265306145
Tamil Nadu,Krishnagiri,486,98.0,94.0,0.04081632653061229
Tamil Nadu,Madurai,486,98.0,91.0,0.0714285714285714
Tamil Nadu,Nagapattinam,486,98.0,97.0,0.010204081632653073
Tamil Nadu,Namakkal,486,98.0,98.0,0.0
Tamil Nadu,Nilgiris,486,98.0,98.0,0.0
Tamil Nadu,Perambalur,486,98.0,98.0,0.0
Tamil Nadu,Pudukkottai,486,98.0,92.0,0.061224489795918324
Tamil Nadu,Ramanathapuram,486,98.0,98.0,0.0
Tamil Nadu,Ranipet,486,98.0,91.0,0.0714285714285714
Tamil Nadu,Salem,486,98.0,98.0,0.0
Tamil Nadu,Sivaganga,486,98.0,98.0,0.0
Tamil Nadu,Tenkasi,486,98.0,95.0,0.030612244897959218
Tamil Nadu,Thanjavur,486,98.0,88.0,0.10204081632653061
Tamil Nadu,Theni,486,98.0,87.0,0.11224489795918369
Tamil Nadu,Thiruvannamalai,486,98.0,96.0,0.020408163265306145
Tamil Nadu,Thoothukudi,486,98.0,98.0,0.0
Tamil Nadu,Tiruchirappalli,486,98.0,98.0,0.0
Tamil Nadu,Tirunelveli,486,98.0,98.0,0.0
Tamil Nadu,Tirupathur,486,98.0,98.0,0.0
Tamil Nadu,Tiruppur,486,98.0,90.0,0.08163265306122447
Tamil Nadu,Tiruvallur,486,98.0,98.0,0.0
Tamil Nadu,Tiruvannamalai,486,98.0,85.0,0.13265306122448983
Tamil Nadu,Tiruvarur,486,98.0,87.0,0.11224489795918369
Tamil Nadu,Tuticorin,486,98.0,98.0,0.0
Tamil Nadu,Vellore,486,98.0,98.0,0.0
Tamil Nadu,Viluppuram,486,98.0,80.0,0.18367346938775508
Tamil Nadu,Virudhunagar,486,98.0,98.0,0.0
Telangana,ADILABAD,486,98.0,98.0,0.0
Telangana,BHADRADRI,486,98.0,98.0,0.0
Telangana,BHUPALPALLY,486,98.0,92.0,0.061224489795918324
Telangana,HANAMKONDA,486,98.0,98.0,0.0
Telangana,HYDERABAD,486,98.0,96.0,0.020408163265306145
Telangana,JAGITYAL,486,98.0,98.0,0.0
Telangana,JANGAON,486,98.0,86.0,0.12244897959183676
Telangana,JAYASHANKAR BHUPALAPALLY,486,98.0,98.0,0.0
Telangana,JOGULAMBA(GADWAL),486,98.0,98.0,0.0
Telangana,KAMAREDDY,486,98.0,98.0,0.0
Telangana,KARIMNAGAR,486,98.0,98.0,0.0
Telangana,KHAMMAM,486,98.0,89.0,0.09183673469387754
Telangana,KUMURAM BHEEM,486,98.0,98.0,0.0
Telangana,MAHABUBABAD,486,98.0,76.0,0.22448979591836737
Telangana,MAHBUBNAGAR,486,98.0,97.0,0.010204081632653073
Telangana,MANCHERIAL,486,98.0,95.0,0.030612244897959218
Telangana,MEDAK,486,98.0,98.0,0.0
Telangana,MEDCHAL,486,98.0,89.0,0.09183673469387754
Telangana,MULUGU,486,98.0,98.0,0.0
Telangana,NAGARKURNOOL,486,98.0,81.0,0.173469387755102
Telangana,NALGONDA,486,98.0,98.0,0.0
Telangana,NARAYANPET,486,98.0,0.0,1.0
Telangana,NIRMAL,486,98.0,98.0,0.0
Telangana,NIZAMABAD,486,98.0,91.0,0.0714285714285714
Telangana,PEDDAPALLY,486,98.0,98.0,0.0
Telangana,RAJANNA SIRCILLA,486,98.0,93.0,0.05102040816326525
Telangana,RANGA REDDY,486,98.0,97.0,0.010204081632653073
Telangana,SANGA REDDY,486,98.0,98.0,0.0
Telangana,SIDDIPET,486,98.0,98.0,0.0
Telangana,SURYAPET,486,98.0,96.0,0.020408163265306145
Telangana,VIKARABAD,486,98.0,98.0,0.0
Telangana,WANAPARTHY,486,98.0,98.0,0.0
Telangana,WARANGAL RURAL,486,98.0,93.0,0.05102040816326525
Telangana,YADADRI,486,98.0,97.0,0.010204081632653073
Tripura,NORTH TRIPURA,486,98.0,93.0,0.05102040816326525
Tripura,SOUTH TRIPURA,486,98.0,98.0,0.0
Tripura,WEST TRIPURA,486,98.0,97.0,0.010204081632653073
Uttar Pradesh,AGRA,486,98.0,98.0,0.0
Uttar Pradesh,ALIGARH,486,98.0,95.0,0.030612244897959218
Uttar Pradesh,AMBEDKAR NAGAR,486,98.0,95.0,0.030612244897959218
Uttar Pradesh,AZAMGARH,486,98.0,88.0,0.10204081632653061
Uttar Pradesh,BAGHPAT,486,98.0,98.0,0.0
Uttar Pradesh,BAHRAICH,486,98.0,86.0,0.12244897959183676
Uttar Pradesh,BALLIA,150,30.0,30.0,0.0
Uttar Pradesh,BALRAMPUR,486,98.0,97.0,0.010204081632653073
Uttar Pradesh,BANDA,486,98.0,97.0,0.010204081632653073
Uttar Pradesh,BARABANKI,486,98.0,97.0,0.010204081632653073
Uttar Pradesh,BIJNOR,486,98.0,82.0,0.16326530612244894
Uttar Pradesh,BUDAUN,486,98.0,97.0,0.010204081632653073
Uttar Pradesh,Buland Shahar,486,98.0,93.0,0.05102040816326525
Uttar Pradesh,CHANDAULI,486,98.0,81.0,0.173469387755102
Uttar Pradesh,FATEHPUR,486,98.0,92.0,0.061224489795918324
Uttar Pradesh,G.B. Nagar,486,98.0,96.0,0.020408163265306145
Uttar Pradesh,GHAZIABAD,486,98.0,94.0,0.04081632653061229
Uttar Pradesh,GHAZIPUR,486,98.0,98.0,0.0
Uttar Pradesh,GORAKHPUR,486,98.0,95.0,0.030612244897959218
Uttar Pradesh,HATHRAS,486,98.0,89.0,0.09183673469387754
Uttar Pradesh,Hapur,486,98.0,45.0,0.5408163265306123
Uttar Pradesh,JAUNPUR,486,98.0,98.0,0.0
Uttar Pradesh,JYOTIBA PHULE NAGAR,486,98.0,96.0,0.020408163265306145
Uttar Pradesh,LUCKNOW,486,98.0,93.0,0.05102040816326525
Uttar Pradesh,MAU,486,98.0,98.0,0.0
Uttar Pradesh,MEERUT,486,98.0,63.0,0.3571428571428571
Uttar Pradesh,MORADABAD,486,98.0,96.0,0.020408163265306145
Uttar Pradesh,MUZAFFARNAGAR,486,98.0,90.0,0.08163265306122447
Uttar Pradesh,PRATAPGARH,486,98.0,85.0,0.13265306122448983
Uttar Pradesh,RAMPUR,486,98.0,97.0,0.010204081632653073
Uttar Pradesh,Raibareli,486,98.0,96.0,0.020408163265306145
Uttar Pradesh,SAHARANPUR,486,98.0,98.0,0.0
Uttar Pradesh,SHAMLI,486,98.0,40.0,0.5918367346938775
Uttar Pradesh,SHRAWASTI,486,98.0,88.0,0.10204081632653061
Uttar Pradesh,SIDDHARTHNAGAR,486,98.0,95.0,0.030612244897959218
Uttar Pradesh,Sambhal,486,98.0,95.0,0.030612244897959218
Uttar Pradesh,VARANASI,486,98.0,65.0,0.33673469387755106
Uttarakhand,Dehradun,469,94.0,83.0,0.11702127659574468
Uttarakhand,Haridwar,320,64.0,51.0,0.203125
Uttarakhand,Nainital,486,98.0,69.0,0.29591836734693877
Uttarakhand,UDHAM SINGH NAGAR,347,70.0,68.0,0.02857142857142858
West Bengal,BANKURA,486,98.0,95.0,0.030612244897959218
West Bengal,BARDDHAMAN,486,98.0,98.0,0.0
West Bengal,BIRBHUM,486,98.0,98.0,0.0
West Bengal,DAKSHIN DINAJPUR,486,98.0,98.0,0.0
West Bengal,East Medinipur,486,98.0,98.0,0.0
West Bengal,HUGLI,486,98.0,96.0,0.020408163265306145
West Bengal,JHARGRAM,486,98.0,93.0,0.05102040816326525
West Bengal,KOLKATA,486,98.0,98.0,0.0
West Bengal,MALDAH,486,98.0,98.0,0.0
West Bengal,MURSHIDABAD,486,98.0,98.0,0.0
West Bengal,NADIA,486,98.0,98.0,0.0
West Bengal,NORTH 24 PARGANAS,486,98.0,91.0,0.0714285714285714
West Bengal,PASCHIM BARDHAMAN,486,98.0,98.0,0.0
West Bengal,PURBA BARDHAMAN,486,98.0,86.0,0.12244897959183676
West Bengal,PURULIYA,486,98.0,98.0,0.0
West Bengal,SOUTH 24 PARGANAS,486,98.0,93.0,0.05102040816326525
West Bengal,West Medinipur,486,98.0,98.0,0.0
